{"cameraMode":{"drawMode":0,"name":"Shaded","section":"Shading Mode"},"sceneLighting":true,"audioPlay":false,"sceneViewState":{"showFog":true,"showMaterialUpdate":false,"showSkybox":true,"showFlares":true,"showImageEffects":true,"showParticleSystems":true},"in2DMode":false,"pivot":{"x":-5.960464477539063e-8,"y":1.9282969236373902,"z":0.0},"rotation":{"x":-0.25751549005508425,"y":0.1276695281267166,"z":-0.034349627792835239,"w":-0.9571936130523682},"size":25.10587501525879,"orthographic":false}