{"cameraMode":{"drawMode":0,"name":"Shaded","section":"Shading Mode"},"sceneLighting":true,"audioPlay":false,"sceneViewState":{"showFog":true,"showMaterialUpdate":false,"showSkybox":true,"showFlares":true,"showImageEffects":true,"showParticleSystems":true},"in2DMode":false,"pivot":{"x":-1.2302058935165406,"y":0.6881338953971863,"z":0.4683603048324585},"rotation":{"x":-0.003459671512246132,"y":0.9805446267127991,"z":-0.1955115646123886,"w":-0.01735685206949711},"size":2.0539307594299318,"orthographic":false}